method,geobleu_mean,fde_mean
bigram_top_p07,0.15840873349545265,8.942702293395996
