method,geobleu_mean,fde_mean
bigram,0.16949982229150923,8.981668472290039
