method,geobleu_mean,fde_mean
cvae,0.0012113945095642063,32.17055130004883
