method,geobleu_mean,fde_mean
per_user_mode,0.15904421273267377,8.861534118652344
