{
  "method": "per_user_mode",
  "geobleu_mean": 0.15904421273267377,
  "fde_mean": 8.861534118652344,
  "per_user_geobleu": {}
}