method,geobleu_mean,fde_mean
per_user_mean,0.09852360085418357,8.625600814819336
